Unnamed: 0,county_code,name,address,lat,lon
1,27,,6480 E HIGHWAY 95 YUMA AZ 85365,32.70009,-114.52496
2,27,,2200 W 28TH ST YUMA AZ 85364,32.67785,-114.64688
3,27,,240 W CANAL STREET SOMERTON AZ 85350,32.60364,-114.71165
4,27,,6390 E. 26TH ST. YUMA AZ 85365,32.682,-114.52434
5,27,,1075 N 6TH AVE SAN LUIS AZ 85349,32.49654,-114.76885
6,27,,197 S MAIN STREET YUMA AZ 85364,32.72441,-114.61757
7,27,,1440 W DESERT HILLS DRIVE YUMA AZ 85365,32.66176,-114.63775
8,27,,2350 Avenue 7 1/2 E Yuma AZ 85365,32.68559,-114.50635
9,27,,300 S. 13TH AVENUE YUMA AZ 85364,32.72123,-114.63642
10,27,,11545 E 40TH STREET YUMA AZ 85367,32.65504,-114.43665
11,27,,1015 N MAIN STREET SAN LUIS AZ 85349,32.49906,-114.78553
12,27,,1090 E UNION STREET SAN LUIS AZ 85349,32.49858,-114.77435
13,27,,11711 WILLIAM ST WELLTON AZ 85356,32.67004,-114.14216
14,27,,6480 E HIGHWAY 95 YUMA AZ 85365,32.70009,-114.52496
15,27,,2200 W 28TH ST YUMA AZ 85364,32.67785,-114.64688
16,27,,240 W CANAL STREET SOMERTON AZ 85350,32.60364,-114.71165
17,27,,6390 E. 26TH ST. YUMA AZ 85365,32.682,-114.52434
18,27,,1075 N 6TH AVE SAN LUIS AZ 85349,32.49654,-114.76885
19,27,,197 S MAIN STREET YUMA AZ 85364,32.72441,-114.61757
20,27,,1440 W DESERT HILLS DRIVE YUMA AZ 85365,32.66176,-114.63775
21,27,,2350 Avenue 7 1/2 E Yuma AZ 85365,32.68559,-114.50635
22,27,,300 S. 13TH AVENUE YUMA AZ 85364,32.72123,-114.63642
23,27,,11545 E 40TH STREET YUMA AZ 85367,32.65504,-114.43665
24,27,,1015 N MAIN STREET SAN LUIS AZ 85349,32.49906,-114.78553
25,27,,1090 E UNION STREET SAN LUIS AZ 85349,32.49858,-114.77435
26,27,,11711 WILLIAM ST WELLTON AZ 85356,32.67004,-114.14216
27,27,,6480 E HIGHWAY 95 YUMA AZ 85365,32.70009,-114.52496
28,27,,2200 W 28TH ST YUMA AZ 85364,32.67785,-114.64688
29,27,,240 W CANAL STREET SOMERTON AZ 85350,32.60364,-114.71165
30,27,,6390 E. 26TH ST. YUMA AZ 85365,32.682,-114.52434
31,27,,1075 N 6TH AVE SAN LUIS AZ 85349,32.49654,-114.76885
32,27,,197 S MAIN STREET YUMA AZ 85364,32.72441,-114.61757
33,27,,1440 W DESERT HILLS DRIVE YUMA AZ 85365,32.66176,-114.63775
34,27,,2350 Avenue 7 1/2 E Yuma AZ 85365,32.68559,-114.50635
35,27,,300 S. 13TH AVENUE YUMA AZ 85364,32.72123,-114.63642
36,27,,11545 E 40TH STREET YUMA AZ 85367,32.65504,-114.43665
37,27,,1015 N MAIN STREET SAN LUIS AZ 85349,32.49906,-114.78553
38,27,,1090 E UNION STREET SAN LUIS AZ 85349,32.49858,-114.77435
39,27,,11711 WILLIAM ST WELLTON AZ 85356,32.67004,-114.14216
40,27,,6480 E HIGHWAY 95 YUMA AZ 85365,32.70009,-114.52496
41,27,,2200 W 28TH ST YUMA AZ 85364,32.67785,-114.64688
42,27,,240 W CANAL STREET SOMERTON AZ 85350,32.60364,-114.71165
43,27,,6390 E. 26TH ST. YUMA AZ 85365,32.682,-114.52434
44,27,,1075 N 6TH AVE SAN LUIS AZ 85349,32.49654,-114.76885
45,27,,197 S MAIN STREET YUMA AZ 85364,32.72441,-114.61757
46,27,,1440 W DESERT HILLS DRIVE YUMA AZ 85365,32.66176,-114.63775
47,27,,2350 Avenue 7 1/2 E Yuma AZ 85365,32.68559,-114.50635
48,27,,300 S. 13TH AVENUE YUMA AZ 85364,32.72123,-114.63642
49,27,,11545 E 40TH STREET YUMA AZ 85367,32.65504,-114.43665
50,27,,1015 N MAIN STREET SAN LUIS AZ 85349,32.49906,-114.78553
51,27,,1090 E UNION STREET SAN LUIS AZ 85349,32.49858,-114.77435
52,27,,11711 WILLIAM ST WELLTON AZ 85356,32.67004,-114.14216
53,27,,6480 E HIGHWAY 95 YUMA AZ 85365,32.70009,-114.52496
54,27,,2200 W 28TH ST YUMA AZ 85364,32.67785,-114.64688
55,27,,240 W CANAL STREET SOMERTON AZ 85350,32.60364,-114.71165
56,27,,6390 E. 26TH ST. YUMA AZ 85365,32.682,-114.52434
57,27,,1075 N 6TH AVE SAN LUIS AZ 85349,32.49654,-114.76885
58,27,,197 S MAIN STREET YUMA AZ 85364,32.72441,-114.61757
59,27,,1440 W DESERT HILLS DRIVE YUMA AZ 85365,32.66176,-114.63775
60,27,,2350 Avenue 7 1/2 E Yuma AZ 85365,32.68559,-114.50635
61,27,,300 S. 13TH AVENUE YUMA AZ 85364,32.72123,-114.63642
62,27,,11545 E 40TH STREET YUMA AZ 85367,32.65504,-114.43665
63,27,,1015 N MAIN STREET SAN LUIS AZ 85349,32.49906,-114.78553
64,27,,1090 E UNION STREET SAN LUIS AZ 85349,32.49858,-114.77435
65,27,,11711 WILLIAM ST WELLTON AZ 85356,32.67004,-114.14216
66,27,,6480 E HIGHWAY 95 YUMA AZ 85365,32.70009,-114.52496
67,27,,2200 W 28TH ST YUMA AZ 85364,32.67785,-114.64688
68,27,,240 W CANAL STREET SOMERTON AZ 85350,32.60364,-114.71165
69,27,,6390 E. 26TH ST. YUMA AZ 85365,32.682,-114.52434
70,27,,1075 N 6TH AVE SAN LUIS AZ 85349,32.49654,-114.76885
71,27,,197 S MAIN STREET YUMA AZ 85364,32.72441,-114.61757
72,27,,1440 W DESERT HILLS DRIVE YUMA AZ 85365,32.66176,-114.63775
73,27,,2350 Avenue 7 1/2 E Yuma AZ 85365,32.68559,-114.50635
74,27,,300 S. 13TH AVENUE YUMA AZ 85364,32.72123,-114.63642
75,27,,11545 E 40TH STREET YUMA AZ 85367,32.65504,-114.43665
76,27,,1015 N MAIN STREET SAN LUIS AZ 85349,32.49906,-114.78553
77,27,,1090 E UNION STREET SAN LUIS AZ 85349,32.49858,-114.77435
78,27,,11711 WILLIAM ST WELLTON AZ 85356,32.67004,-114.14216
79,27,,6480 E HIGHWAY 95 YUMA AZ 85365,32.70009,-114.52496
80,27,,2200 W 28TH ST YUMA AZ 85364,32.67785,-114.64688
81,27,,240 W CANAL STREET SOMERTON AZ 85350,32.60364,-114.71165
82,27,,6390 E. 26TH ST. YUMA AZ 85365,32.682,-114.52434
83,27,,1075 N 6TH AVE SAN LUIS AZ 85349,32.49654,-114.76885
84,27,,197 S MAIN STREET YUMA AZ 85364,32.72441,-114.61757
85,27,,1440 W DESERT HILLS DRIVE YUMA AZ 85365,32.66176,-114.63775
86,27,,2350 Avenue 7 1/2 E Yuma AZ 85365,32.68559,-114.50635
87,27,,300 S. 13TH AVENUE YUMA AZ 85364,32.72123,-114.63642
88,27,,11545 E 40TH STREET YUMA AZ 85367,32.65504,-114.43665
89,27,,1015 N MAIN STREET SAN LUIS AZ 85349,32.49906,-114.78553
90,27,,1090 E UNION STREET SAN LUIS AZ 85349,32.49858,-114.77435
91,27,,11711 WILLIAM ST WELLTON AZ 85356,32.67004,-114.14216
92,27,,6480 E HIGHWAY 95 YUMA AZ 85365,32.70009,-114.52496
93,27,,2200 W 28TH ST YUMA AZ 85364,32.67785,-114.64688
94,27,,240 W CANAL STREET SOMERTON AZ 85350,32.60364,-114.71165
95,27,,6390 E. 26TH ST. YUMA AZ 85365,32.682,-114.52434
96,27,,1075 N 6TH AVE SAN LUIS AZ 85349,32.49654,-114.76885
97,27,,197 S MAIN STREET YUMA AZ 85364,32.72441,-114.61757
98,27,,1440 W DESERT HILLS DRIVE YUMA AZ 85365,32.66176,-114.63775
99,27,,2350 Avenue 7 1/2 E Yuma AZ 85365,32.68559,-114.50635
100,27,,300 S. 13TH AVENUE YUMA AZ 85364,32.72123,-114.63642
101,27,,11545 E 40TH STREET YUMA AZ 85367,32.65504,-114.43665
102,27,,1015 N MAIN STREET SAN LUIS AZ 85349,32.49906,-114.78553
103,27,,1090 E UNION STREET SAN LUIS AZ 85349,32.49858,-114.77435
104,27,,11711 WILLIAM ST WELLTON AZ 85356,32.67004,-114.14216
105,27,,6480 E HIGHWAY 95 YUMA AZ 85365,32.70009,-114.52496
106,27,,2200 W 28TH ST YUMA AZ 85364,32.67785,-114.64688
107,27,,240 W CANAL STREET SOMERTON AZ 85350,32.60364,-114.71165
108,27,,6390 E. 26TH ST. YUMA AZ 85365,32.682,-114.52434
109,27,,1075 N 6TH AVE SAN LUIS AZ 85349,32.49654,-114.76885
110,27,,197 S MAIN STREET YUMA AZ 85364,32.72441,-114.61757
111,27,,1440 W DESERT HILLS DRIVE YUMA AZ 85365,32.66176,-114.63775
112,27,,2350 Avenue 7 1/2 E Yuma AZ 85365,32.68559,-114.50635
113,27,,300 S. 13TH AVENUE YUMA AZ 85364,32.72123,-114.63642
114,27,,11545 E 40TH STREET YUMA AZ 85367,32.65504,-114.43665
115,27,,1015 N MAIN STREET SAN LUIS AZ 85349,32.49906,-114.78553
116,27,,1090 E UNION STREET SAN LUIS AZ 85349,32.49858,-114.77435
117,27,,11711 WILLIAM ST WELLTON AZ 85356,32.67004,-114.14216
118,27,,6480 E HIGHWAY 95 YUMA AZ 85365,32.70009,-114.52496
119,27,,2200 W 28TH ST YUMA AZ 85364,32.67785,-114.64688
120,27,,240 W CANAL STREET SOMERTON AZ 85350,32.60364,-114.71165
121,27,,6390 E. 26TH ST. YUMA AZ 85365,32.682,-114.52434
122,27,,1075 N 6TH AVE SAN LUIS AZ 85349,32.49654,-114.76885
123,27,,197 S MAIN STREET YUMA AZ 85364,32.72441,-114.61757
124,27,,1440 W DESERT HILLS DRIVE YUMA AZ 85365,32.66176,-114.63775
125,27,,2350 Avenue 7 1/2 E Yuma AZ 85365,32.68559,-114.50635
126,27,,300 S. 13TH AVENUE YUMA AZ 85364,32.72123,-114.63642
127,27,,11545 E 40TH STREET YUMA AZ 85367,32.65504,-114.43665
128,27,,1015 N MAIN STREET SAN LUIS AZ 85349,32.49906,-114.78553
129,27,,1090 E UNION STREET SAN LUIS AZ 85349,32.49858,-114.77435
130,27,,11711 WILLIAM ST WELLTON AZ 85356,32.67004,-114.14216
131,27,,6480 E HIGHWAY 95 YUMA AZ 85365,32.70009,-114.52496
132,27,,2200 W 28TH ST YUMA AZ 85364,32.67785,-114.64688
133,27,,240 W CANAL STREET SOMERTON AZ 85350,32.60364,-114.71165
134,27,,6390 E. 26TH ST. YUMA AZ 85365,32.682,-114.52434
135,27,,1075 N 6TH AVE SAN LUIS AZ 85349,32.49654,-114.76885
136,27,,197 S MAIN STREET YUMA AZ 85364,32.72441,-114.61757
137,27,,1440 W DESERT HILLS DRIVE YUMA AZ 85365,32.66176,-114.63775
138,27,,2350 Avenue 7 1/2 E Yuma AZ 85365,32.68559,-114.50635
139,27,,300 S. 13TH AVENUE YUMA AZ 85364,32.72123,-114.63642
140,27,,11545 E 40TH STREET YUMA AZ 85367,32.65504,-114.43665
141,27,,1015 N MAIN STREET SAN LUIS AZ 85349,32.49906,-114.78553
142,27,,1090 E UNION STREET SAN LUIS AZ 85349,32.49858,-114.77435
143,27,,11711 WILLIAM ST WELLTON AZ 85356,32.67004,-114.14216
144,27,,6480 E HIGHWAY 95 YUMA AZ 85365,32.70009,-114.52496
145,27,,2200 W 28TH ST YUMA AZ 85364,32.67785,-114.64688
146,27,,240 W CANAL STREET SOMERTON AZ 85350,32.60364,-114.71165
147,27,,6390 E. 26TH ST. YUMA AZ 85365,32.682,-114.52434
148,27,,1075 N 6TH AVE SAN LUIS AZ 85349,32.49654,-114.76885
149,27,,197 S MAIN STREET YUMA AZ 85364,32.72441,-114.61757
150,27,,1440 W DESERT HILLS DRIVE YUMA AZ 85365,32.66176,-114.63775
151,27,,2350 Avenue 7 1/2 E Yuma AZ 85365,32.68559,-114.50635
152,27,,300 S. 13TH AVENUE YUMA AZ 85364,32.72123,-114.63642
153,27,,11545 E 40TH STREET YUMA AZ 85367,32.65504,-114.43665
154,27,,1015 N MAIN STREET SAN LUIS AZ 85349,32.49906,-114.78553
155,27,,1090 E UNION STREET SAN LUIS AZ 85349,32.49858,-114.77435
156,27,,11711 WILLIAM ST WELLTON AZ 85356,32.67004,-114.14216
157,27,,6480 E HIGHWAY 95 YUMA AZ 85365,32.70009,-114.52496
158,27,,2200 W 28TH ST YUMA AZ 85364,32.67785,-114.64688
159,27,,240 W CANAL STREET SOMERTON AZ 85350,32.60364,-114.71165
160,27,,6390 E. 26TH ST. YUMA AZ 85365,32.682,-114.52434
161,27,,1075 N 6TH AVE SAN LUIS AZ 85349,32.49654,-114.76885
162,27,,197 S MAIN STREET YUMA AZ 85364,32.72441,-114.61757
163,27,,1440 W DESERT HILLS DRIVE YUMA AZ 85365,32.66176,-114.63775
164,27,,2350 Avenue 7 1/2 E Yuma AZ 85365,32.68559,-114.50635
165,27,,300 S. 13TH AVENUE YUMA AZ 85364,32.72123,-114.63642
166,27,,11545 E 40TH STREET YUMA AZ 85367,32.65504,-114.43665
167,27,,1015 N MAIN STREET SAN LUIS AZ 85349,32.49906,-114.78553
168,27,,1090 E UNION STREET SAN LUIS AZ 85349,32.49858,-114.77435
169,27,,11711 WILLIAM ST WELLTON AZ 85356,32.67004,-114.14216
170,27,,6480 E HIGHWAY 95 YUMA AZ 85365,32.70009,-114.52496
171,27,,2200 W 28TH ST YUMA AZ 85364,32.67785,-114.64688
172,27,,240 W CANAL STREET SOMERTON AZ 85350,32.60364,-114.71165
173,27,,6390 E. 26TH ST. YUMA AZ 85365,32.682,-114.52434
174,27,,1075 N 6TH AVE SAN LUIS AZ 85349,32.49654,-114.76885
175,27,,197 S MAIN STREET YUMA AZ 85364,32.72441,-114.61757
176,27,,1440 W DESERT HILLS DRIVE YUMA AZ 85365,32.66176,-114.63775
177,27,,2350 Avenue 7 1/2 E Yuma AZ 85365,32.68559,-114.50635
178,27,,300 S. 13TH AVENUE YUMA AZ 85364,32.72123,-114.63642
179,27,,11545 E 40TH STREET YUMA AZ 85367,32.65504,-114.43665
180,27,,1015 N MAIN STREET SAN LUIS AZ 85349,32.49906,-114.78553
181,27,,1090 E UNION STREET SAN LUIS AZ 85349,32.49858,-114.77435
182,27,,11711 WILLIAM ST WELLTON AZ 85356,32.67004,-114.14216
183,27,,6480 E HIGHWAY 95 YUMA AZ 85365,32.70009,-114.52496
184,27,,2200 W 28TH ST YUMA AZ 85364,32.67785,-114.64688
185,27,,240 W CANAL STREET SOMERTON AZ 85350,32.60364,-114.71165
186,27,,6390 E. 26TH ST. YUMA AZ 85365,32.682,-114.52434
187,27,,1075 N 6TH AVE SAN LUIS AZ 85349,32.49654,-114.76885
188,27,,197 S MAIN STREET YUMA AZ 85364,32.72441,-114.61757
189,27,,1440 W DESERT HILLS DRIVE YUMA AZ 85365,32.66176,-114.63775
190,27,,2350 Avenue 7 1/2 E Yuma AZ 85365,32.68559,-114.50635
191,27,,300 S. 13TH AVENUE YUMA AZ 85364,32.72123,-114.63642
192,27,,11545 E 40TH STREET YUMA AZ 85367,32.65504,-114.43665
193,27,,1015 N MAIN STREET SAN LUIS AZ 85349,32.49906,-114.78553
194,27,,1090 E UNION STREET SAN LUIS AZ 85349,32.49858,-114.77435
195,27,,11711 WILLIAM ST WELLTON AZ 85356,32.67004,-114.14216
196,27,,6480 E HIGHWAY 95 YUMA AZ 85365,32.70009,-114.52496
197,27,,2200 W 28TH ST YUMA AZ 85364,32.67785,-114.64688
198,27,,240 W CANAL STREET SOMERTON AZ 85350,32.60364,-114.71165
199,27,,6390 E. 26TH ST. YUMA AZ 85365,32.682,-114.52434
200,27,,1075 N 6TH AVE SAN LUIS AZ 85349,32.49654,-114.76885
201,27,,197 S MAIN STREET YUMA AZ 85364,32.72441,-114.61757
202,27,,1440 W DESERT HILLS DRIVE YUMA AZ 85365,32.66176,-114.63775
203,27,,2350 Avenue 7 1/2 E Yuma AZ 85365,32.68559,-114.50635
204,27,,300 S. 13TH AVENUE YUMA AZ 85364,32.72123,-114.63642
205,27,,11545 E 40TH STREET YUMA AZ 85367,32.65504,-114.43665
206,27,,1015 N MAIN STREET SAN LUIS AZ 85349,32.49906,-114.78553
207,27,,1090 E UNION STREET SAN LUIS AZ 85349,32.49858,-114.77435
208,27,,11711 WILLIAM ST WELLTON AZ 85356,32.67004,-114.14216
209,27,,6480 E HIGHWAY 95 YUMA AZ 85365,32.70009,-114.52496
210,27,,2200 W 28TH ST YUMA AZ 85364,32.67785,-114.64688
211,27,,240 W CANAL STREET SOMERTON AZ 85350,32.60364,-114.71165
212,27,,6390 E. 26TH ST. YUMA AZ 85365,32.682,-114.52434
213,27,,1075 N 6TH AVE SAN LUIS AZ 85349,32.49654,-114.76885
214,27,,197 S MAIN STREET YUMA AZ 85364,32.72441,-114.61757
215,27,,1440 W DESERT HILLS DRIVE YUMA AZ 85365,32.66176,-114.63775
216,27,,2350 Avenue 7 1/2 E Yuma AZ 85365,32.68559,-114.50635
217,27,,300 S. 13TH AVENUE YUMA AZ 85364,32.72123,-114.63642
218,27,,11545 E 40TH STREET YUMA AZ 85367,32.65504,-114.43665
219,27,,1015 N MAIN STREET SAN LUIS AZ 85349,32.49906,-114.78553
220,27,,1090 E UNION STREET SAN LUIS AZ 85349,32.49858,-114.77435
221,27,,11711 WILLIAM ST WELLTON AZ 85356,32.67004,-114.14216
222,27,,6480 E HIGHWAY 95 YUMA AZ 85365,32.70009,-114.52496
223,27,,2200 W 28TH ST YUMA AZ 85364,32.67785,-114.64688
224,27,,240 W CANAL STREET SOMERTON AZ 85350,32.60364,-114.71165
225,27,,6390 E. 26TH ST. YUMA AZ 85365,32.682,-114.52434
226,27,,1075 N 6TH AVE SAN LUIS AZ 85349,32.49654,-114.76885
227,27,,197 S MAIN STREET YUMA AZ 85364,32.72441,-114.61757
228,27,,1440 W DESERT HILLS DRIVE YUMA AZ 85365,32.66176,-114.63775
229,27,,2350 Avenue 7 1/2 E Yuma AZ 85365,32.68559,-114.50635
230,27,,300 S. 13TH AVENUE YUMA AZ 85364,32.72123,-114.63642
231,27,,11545 E 40TH STREET YUMA AZ 85367,32.65504,-114.43665
232,27,,1015 N MAIN STREET SAN LUIS AZ 85349,32.49906,-114.78553
233,27,,1090 E UNION STREET SAN LUIS AZ 85349,32.49858,-114.77435
234,27,,11711 WILLIAM ST WELLTON AZ 85356,32.67004,-114.14216
235,27,,6480 E HIGHWAY 95 YUMA AZ 85365,32.70009,-114.52496
236,27,,2200 W 28TH ST YUMA AZ 85364,32.67785,-114.64688
237,27,,240 W CANAL STREET SOMERTON AZ 85350,32.60364,-114.71165
238,27,,6390 E. 26TH ST. YUMA AZ 85365,32.682,-114.52434
239,27,,1075 N 6TH AVE SAN LUIS AZ 85349,32.49654,-114.76885
240,27,,197 S MAIN STREET YUMA AZ 85364,32.72441,-114.61757
241,27,,1440 W DESERT HILLS DRIVE YUMA AZ 85365,32.66176,-114.63775
242,27,,2350 Avenue 7 1/2 E Yuma AZ 85365,32.68559,-114.50635
243,27,,300 S. 13TH AVENUE YUMA AZ 85364,32.72123,-114.63642
244,27,,11545 E 40TH STREET YUMA AZ 85367,32.65504,-114.43665
245,27,,1015 N MAIN STREET SAN LUIS AZ 85349,32.49906,-114.78553
246,27,,1090 E UNION STREET SAN LUIS AZ 85349,32.49858,-114.77435
247,27,,11711 WILLIAM ST WELLTON AZ 85356,32.67004,-114.14216
248,27,,6480 E HIGHWAY 95 YUMA AZ 85365,32.70009,-114.52496
249,27,,2200 W 28TH ST YUMA AZ 85364,32.67785,-114.64688
250,27,,240 W CANAL STREET SOMERTON AZ 85350,32.60364,-114.71165
251,27,,6390 E. 26TH ST. YUMA AZ 85365,32.682,-114.52434
252,27,,1075 N 6TH AVE SAN LUIS AZ 85349,32.49654,-114.76885
253,27,,197 S MAIN STREET YUMA AZ 85364,32.72441,-114.61757
254,27,,1440 W DESERT HILLS DRIVE YUMA AZ 85365,32.66176,-114.63775
255,27,,2350 Avenue 7 1/2 E Yuma AZ 85365,32.68559,-114.50635
256,27,,300 S. 13TH AVENUE YUMA AZ 85364,32.72123,-114.63642
257,27,,11545 E 40TH STREET YUMA AZ 85367,32.65504,-114.43665
258,27,,1015 N MAIN STREET SAN LUIS AZ 85349,32.49906,-114.78553
259,27,,1090 E UNION STREET SAN LUIS AZ 85349,32.49858,-114.77435
260,27,,11711 WILLIAM ST WELLTON AZ 85356,32.67004,-114.14216
261,27,,6480 E HIGHWAY 95 YUMA AZ 85365,32.70009,-114.52496
262,27,,2200 W 28TH ST YUMA AZ 85364,32.67785,-114.64688
263,27,,240 W CANAL STREET SOMERTON AZ 85350,32.60364,-114.71165
264,27,,6390 E. 26TH ST. YUMA AZ 85365,32.682,-114.52434
265,27,,1075 N 6TH AVE SAN LUIS AZ 85349,32.49654,-114.76885
266,27,,197 S MAIN STREET YUMA AZ 85364,32.72441,-114.61757
267,27,,1440 W DESERT HILLS DRIVE YUMA AZ 85365,32.66176,-114.63775
268,27,,2350 Avenue 7 1/2 E Yuma AZ 85365,32.68559,-114.50635
269,27,,300 S. 13TH AVENUE YUMA AZ 85364,32.72123,-114.63642
270,27,,11545 E 40TH STREET YUMA AZ 85367,32.65504,-114.43665
271,27,,1015 N MAIN STREET SAN LUIS AZ 85349,32.49906,-114.78553
272,27,,1090 E UNION STREET SAN LUIS AZ 85349,32.49858,-114.77435
273,27,,11711 WILLIAM ST WELLTON AZ 85356,32.67004,-114.14216
274,27,,6480 E HIGHWAY 95 YUMA AZ 85365,32.70009,-114.52496
275,27,,2200 W 28TH ST YUMA AZ 85364,32.67785,-114.64688
276,27,,240 W CANAL STREET SOMERTON AZ 85350,32.60364,-114.71165
277,27,,6390 E. 26TH ST. YUMA AZ 85365,32.682,-114.52434
278,27,,1075 N 6TH AVE SAN LUIS AZ 85349,32.49654,-114.76885
279,27,,197 S MAIN STREET YUMA AZ 85364,32.72441,-114.61757
280,27,,1440 W DESERT HILLS DRIVE YUMA AZ 85365,32.66176,-114.63775
281,27,,2350 Avenue 7 1/2 E Yuma AZ 85365,32.68559,-114.50635
282,27,,300 S. 13TH AVENUE YUMA AZ 85364,32.72123,-114.63642
283,27,,11545 E 40TH STREET YUMA AZ 85367,32.65504,-114.43665
284,27,,1015 N MAIN STREET SAN LUIS AZ 85349,32.49906,-114.78553
285,27,,1090 E UNION STREET SAN LUIS AZ 85349,32.49858,-114.77435
286,27,,11711 WILLIAM ST WELLTON AZ 85356,32.67004,-114.14216
287,27,,6480 E HIGHWAY 95 YUMA AZ 85365,32.70009,-114.52496
288,27,,2200 W 28TH ST YUMA AZ 85364,32.67785,-114.64688
289,27,,240 W CANAL STREET SOMERTON AZ 85350,32.60364,-114.71165
290,27,,6390 E. 26TH ST. YUMA AZ 85365,32.682,-114.52434
291,27,,1075 N 6TH AVE SAN LUIS AZ 85349,32.49654,-114.76885
292,27,,197 S MAIN STREET YUMA AZ 85364,32.72441,-114.61757
293,27,,1440 W DESERT HILLS DRIVE YUMA AZ 85365,32.66176,-114.63775
294,27,,2350 Avenue 7 1/2 E Yuma AZ 85365,32.68559,-114.50635
295,27,,300 S. 13TH AVENUE YUMA AZ 85364,32.72123,-114.63642
296,27,,11545 E 40TH STREET YUMA AZ 85367,32.65504,-114.43665
297,27,,1015 N MAIN STREET SAN LUIS AZ 85349,32.49906,-114.78553
298,27,,1090 E UNION STREET SAN LUIS AZ 85349,32.49858,-114.77435
299,27,,11711 WILLIAM ST WELLTON AZ 85356,32.67004,-114.14216
300,27,,6480 E HIGHWAY 95 YUMA AZ 85365,32.70009,-114.52496
301,27,,2200 W 28TH ST YUMA AZ 85364,32.67785,-114.64688
302,27,,240 W CANAL STREET SOMERTON AZ 85350,32.60364,-114.71165
303,27,,6390 E. 26TH ST. YUMA AZ 85365,32.682,-114.52434
304,27,,1075 N 6TH AVE SAN LUIS AZ 85349,32.49654,-114.76885
305,27,,197 S MAIN STREET YUMA AZ 85364,32.72441,-114.61757
306,27,,1440 W DESERT HILLS DRIVE YUMA AZ 85365,32.66176,-114.63775
307,27,,2350 Avenue 7 1/2 E Yuma AZ 85365,32.68559,-114.50635
308,27,,300 S. 13TH AVENUE YUMA AZ 85364,32.72123,-114.63642
309,27,,11545 E 40TH STREET YUMA AZ 85367,32.65504,-114.43665
310,27,,1015 N MAIN STREET SAN LUIS AZ 85349,32.49906,-114.78553
311,27,,1090 E UNION STREET SAN LUIS AZ 85349,32.49858,-114.77435
312,27,,11711 WILLIAM ST WELLTON AZ 85356,32.67004,-114.14216
313,27,,6480 E HIGHWAY 95 YUMA AZ 85365,32.70009,-114.52496
314,27,,2200 W 28TH ST YUMA AZ 85364,32.67785,-114.64688
315,27,,240 W CANAL STREET SOMERTON AZ 85350,32.60364,-114.71165
316,27,,6390 E. 26TH ST. YUMA AZ 85365,32.682,-114.52434
317,27,,1075 N 6TH AVE SAN LUIS AZ 85349,32.49654,-114.76885
318,27,,197 S MAIN STREET YUMA AZ 85364,32.72441,-114.61757
319,27,,1440 W DESERT HILLS DRIVE YUMA AZ 85365,32.66176,-114.63775
320,27,,2350 Avenue 7 1/2 E Yuma AZ 85365,32.68559,-114.50635
321,27,,300 S. 13TH AVENUE YUMA AZ 85364,32.72123,-114.63642
322,27,,11545 E 40TH STREET YUMA AZ 85367,32.65504,-114.43665
323,27,,1015 N MAIN STREET SAN LUIS AZ 85349,32.49906,-114.78553
324,27,,1090 E UNION STREET SAN LUIS AZ 85349,32.49858,-114.77435
325,27,,11711 WILLIAM ST WELLTON AZ 85356,32.67004,-114.14216
326,27,,6480 E HIGHWAY 95 YUMA AZ 85365,32.70009,-114.52496
327,27,,2200 W 28TH ST YUMA AZ 85364,32.67785,-114.64688
328,27,,240 W CANAL STREET SOMERTON AZ 85350,32.60364,-114.71165
329,27,,6390 E. 26TH ST. YUMA AZ 85365,32.682,-114.52434
330,27,,1075 N 6TH AVE SAN LUIS AZ 85349,32.49654,-114.76885
331,27,,197 S MAIN STREET YUMA AZ 85364,32.72441,-114.61757
332,27,,1440 W DESERT HILLS DRIVE YUMA AZ 85365,32.66176,-114.63775
333,27,,2350 Avenue 7 1/2 E Yuma AZ 85365,32.68559,-114.50635
334,27,,300 S. 13TH AVENUE YUMA AZ 85364,32.72123,-114.63642
335,27,,11545 E 40TH STREET YUMA AZ 85367,32.65504,-114.43665
336,27,,1015 N MAIN STREET SAN LUIS AZ 85349,32.49906,-114.78553
337,27,,1090 E UNION STREET SAN LUIS AZ 85349,32.49858,-114.77435
338,27,,11711 WILLIAM ST WELLTON AZ 85356,32.67004,-114.14216
339,27,,6480 E HIGHWAY 95 YUMA AZ 85365,32.70009,-114.52496
340,27,,2200 W 28TH ST YUMA AZ 85364,32.67785,-114.64688
341,27,,240 W CANAL STREET SOMERTON AZ 85350,32.60364,-114.71165
342,27,,6390 E. 26TH ST. YUMA AZ 85365,32.682,-114.52434
343,27,,1075 N 6TH AVE SAN LUIS AZ 85349,32.49654,-114.76885
344,27,,197 S MAIN STREET YUMA AZ 85364,32.72441,-114.61757
345,27,,1440 W DESERT HILLS DRIVE YUMA AZ 85365,32.66176,-114.63775
346,27,,2350 Avenue 7 1/2 E Yuma AZ 85365,32.68559,-114.50635
347,27,,300 S. 13TH AVENUE YUMA AZ 85364,32.72123,-114.63642
348,27,,11545 E 40TH STREET YUMA AZ 85367,32.65504,-114.43665
349,27,,1015 N MAIN STREET SAN LUIS AZ 85349,32.49906,-114.78553
350,27,,1090 E UNION STREET SAN LUIS AZ 85349,32.49858,-114.77435
351,27,,11711 WILLIAM ST WELLTON AZ 85356,32.67004,-114.14216
352,27,,6480 E HIGHWAY 95 YUMA AZ 85365,32.70009,-114.52496
353,27,,2200 W 28TH ST YUMA AZ 85364,32.67785,-114.64688
354,27,,240 W CANAL STREET SOMERTON AZ 85350,32.60364,-114.71165
355,27,,6390 E. 26TH ST. YUMA AZ 85365,32.682,-114.52434
356,27,,1075 N 6TH AVE SAN LUIS AZ 85349,32.49654,-114.76885
357,27,,197 S MAIN STREET YUMA AZ 85364,32.72441,-114.61757
358,27,,1440 W DESERT HILLS DRIVE YUMA AZ 85365,32.66176,-114.63775
359,27,,2350 Avenue 7 1/2 E Yuma AZ 85365,32.68559,-114.50635
360,27,,300 S. 13TH AVENUE YUMA AZ 85364,32.72123,-114.63642
361,27,,11545 E 40TH STREET YUMA AZ 85367,32.65504,-114.43665
362,27,,1015 N MAIN STREET SAN LUIS AZ 85349,32.49906,-114.78553
363,27,,1090 E UNION STREET SAN LUIS AZ 85349,32.49858,-114.77435
364,27,,11711 WILLIAM ST WELLTON AZ 85356,32.67004,-114.14216
365,27,,6480 E HIGHWAY 95 YUMA AZ 85365,32.70009,-114.52496
366,27,,2200 W 28TH ST YUMA AZ 85364,32.67785,-114.64688
367,27,,240 W CANAL STREET SOMERTON AZ 85350,32.60364,-114.71165
368,27,,6390 E. 26TH ST. YUMA AZ 85365,32.682,-114.52434
369,27,,1075 N 6TH AVE SAN LUIS AZ 85349,32.49654,-114.76885
370,27,,197 S MAIN STREET YUMA AZ 85364,32.72441,-114.61757
371,27,,1440 W DESERT HILLS DRIVE YUMA AZ 85365,32.66176,-114.63775
372,27,,2350 Avenue 7 1/2 E Yuma AZ 85365,32.68559,-114.50635
373,27,,300 S. 13TH AVENUE YUMA AZ 85364,32.72123,-114.63642
374,27,,11545 E 40TH STREET YUMA AZ 85367,32.65504,-114.43665
375,27,,1015 N MAIN STREET SAN LUIS AZ 85349,32.49906,-114.78553
376,27,,1090 E UNION STREET SAN LUIS AZ 85349,32.49858,-114.77435
377,27,,11711 WILLIAM ST WELLTON AZ 85356,32.67004,-114.14216
378,27,,6480 E HIGHWAY 95 YUMA AZ 85365,32.70009,-114.52496
379,27,,2200 W 28TH ST YUMA AZ 85364,32.67785,-114.64688
380,27,,240 W CANAL STREET SOMERTON AZ 85350,32.60364,-114.71165
381,27,,6390 E. 26TH ST. YUMA AZ 85365,32.682,-114.52434
382,27,,1075 N 6TH AVE SAN LUIS AZ 85349,32.49654,-114.76885
383,27,,197 S MAIN STREET YUMA AZ 85364,32.72441,-114.61757
384,27,,1440 W DESERT HILLS DRIVE YUMA AZ 85365,32.66176,-114.63775
385,27,,2350 Avenue 7 1/2 E Yuma AZ 85365,32.68559,-114.50635
386,27,,300 S. 13TH AVENUE YUMA AZ 85364,32.72123,-114.63642
387,27,,11545 E 40TH STREET YUMA AZ 85367,32.65504,-114.43665
388,27,,1015 N MAIN STREET SAN LUIS AZ 85349,32.49906,-114.78553
389,27,,1090 E UNION STREET SAN LUIS AZ 85349,32.49858,-114.77435
390,27,,11711 WILLIAM ST WELLTON AZ 85356,32.67004,-114.14216
391,27,,6480 E HIGHWAY 95 YUMA AZ 85365,32.70009,-114.52496
392,27,,2200 W 28TH ST YUMA AZ 85364,32.67785,-114.64688
393,27,,240 W CANAL STREET SOMERTON AZ 85350,32.60364,-114.71165
394,27,,6390 E. 26TH ST. YUMA AZ 85365,32.682,-114.52434
395,27,,1075 N 6TH AVE SAN LUIS AZ 85349,32.49654,-114.76885
396,27,,197 S MAIN STREET YUMA AZ 85364,32.72441,-114.61757
397,27,,1440 W DESERT HILLS DRIVE YUMA AZ 85365,32.66176,-114.63775
398,27,,2350 Avenue 7 1/2 E Yuma AZ 85365,32.68559,-114.50635
399,27,,300 S. 13TH AVENUE YUMA AZ 85364,32.72123,-114.63642
400,27,,11545 E 40TH STREET YUMA AZ 85367,32.65504,-114.43665
401,27,,1015 N MAIN STREET SAN LUIS AZ 85349,32.49906,-114.78553
402,27,,1090 E UNION STREET SAN LUIS AZ 85349,32.49858,-114.77435
403,27,,11711 WILLIAM ST WELLTON AZ 85356,32.67004,-114.14216
404,27,,6480 E HIGHWAY 95 YUMA AZ 85365,32.70009,-114.52496
405,27,,2200 W 28TH ST YUMA AZ 85364,32.67785,-114.64688
406,27,,240 W CANAL STREET SOMERTON AZ 85350,32.60364,-114.71165
407,27,,6390 E. 26TH ST. YUMA AZ 85365,32.682,-114.52434
408,27,,1075 N 6TH AVE SAN LUIS AZ 85349,32.49654,-114.76885
409,27,,197 S MAIN STREET YUMA AZ 85364,32.72441,-114.61757
410,27,,1440 W DESERT HILLS DRIVE YUMA AZ 85365,32.66176,-114.63775
411,27,,2350 Avenue 7 1/2 E Yuma AZ 85365,32.68559,-114.50635
412,27,,300 S. 13TH AVENUE YUMA AZ 85364,32.72123,-114.63642
413,27,,11545 E 40TH STREET YUMA AZ 85367,32.65504,-114.43665
414,27,,1015 N MAIN STREET SAN LUIS AZ 85349,32.49906,-114.78553
415,27,,1090 E UNION STREET SAN LUIS AZ 85349,32.49858,-114.77435
416,27,,11711 WILLIAM ST WELLTON AZ 85356,32.67004,-114.14216
417,27,,6480 E HIGHWAY 95 YUMA AZ 85365,32.70009,-114.52496
418,27,,2200 W 28TH ST YUMA AZ 85364,32.67785,-114.64688
419,27,,240 W CANAL STREET SOMERTON AZ 85350,32.60364,-114.71165
420,27,,6390 E. 26TH ST. YUMA AZ 85365,32.682,-114.52434
421,27,,1075 N 6TH AVE SAN LUIS AZ 85349,32.49654,-114.76885
422,27,,197 S MAIN STREET YUMA AZ 85364,32.72441,-114.61757
423,27,,1440 W DESERT HILLS DRIVE YUMA AZ 85365,32.66176,-114.63775
424,27,,2350 Avenue 7 1/2 E Yuma AZ 85365,32.68559,-114.50635
425,27,,300 S. 13TH AVENUE YUMA AZ 85364,32.72123,-114.63642
426,27,,11545 E 40TH STREET YUMA AZ 85367,32.65504,-114.43665
427,27,,1015 N MAIN STREET SAN LUIS AZ 85349,32.49906,-114.78553
428,27,,1090 E UNION STREET SAN LUIS AZ 85349,32.49858,-114.77435
429,27,,11711 WILLIAM ST WELLTON AZ 85356,32.67004,-114.14216
430,27,,6480 E HIGHWAY 95 YUMA AZ 85365,32.70009,-114.52496
431,27,,2200 W 28TH ST YUMA AZ 85364,32.67785,-114.64688
432,27,,240 W CANAL STREET SOMERTON AZ 85350,32.60364,-114.71165
433,27,,6390 E. 26TH ST. YUMA AZ 85365,32.682,-114.52434
434,27,,1075 N 6TH AVE SAN LUIS AZ 85349,32.49654,-114.76885
435,27,,197 S MAIN STREET YUMA AZ 85364,32.72441,-114.61757
436,27,,1440 W DESERT HILLS DRIVE YUMA AZ 85365,32.66176,-114.63775
437,27,,2350 Avenue 7 1/2 E Yuma AZ 85365,32.68559,-114.50635
438,27,,300 S. 13TH AVENUE YUMA AZ 85364,32.72123,-114.63642
439,27,,11545 E 40TH STREET YUMA AZ 85367,32.65504,-114.43665
440,27,,1015 N MAIN STREET SAN LUIS AZ 85349,32.49906,-114.78553
441,27,,1090 E UNION STREET SAN LUIS AZ 85349,32.49858,-114.77435
442,27,,11711 WILLIAM ST WELLTON AZ 85356,32.67004,-114.14216
443,27,,6480 E HIGHWAY 95 YUMA AZ 85365,32.70009,-114.52496
444,27,,2200 W 28TH ST YUMA AZ 85364,32.67785,-114.64688
445,27,,240 W CANAL STREET SOMERTON AZ 85350,32.60364,-114.71165
446,27,,6390 E. 26TH ST. YUMA AZ 85365,32.682,-114.52434
447,27,,1075 N 6TH AVE SAN LUIS AZ 85349,32.49654,-114.76885
448,27,,197 S MAIN STREET YUMA AZ 85364,32.72441,-114.61757
449,27,,1440 W DESERT HILLS DRIVE YUMA AZ 85365,32.66176,-114.63775
450,27,,2350 Avenue 7 1/2 E Yuma AZ 85365,32.68559,-114.50635
451,27,,300 S. 13TH AVENUE YUMA AZ 85364,32.72123,-114.63642
452,27,,11545 E 40TH STREET YUMA AZ 85367,32.65504,-114.43665
453,27,,1015 N MAIN STREET SAN LUIS AZ 85349,32.49906,-114.78553
454,27,,1090 E UNION STREET SAN LUIS AZ 85349,32.49858,-114.77435
455,27,,11711 WILLIAM ST WELLTON AZ 85356,32.67004,-114.14216
456,27,,6480 E HIGHWAY 95 YUMA AZ 85365,32.70009,-114.52496
457,27,,2200 W 28TH ST YUMA AZ 85364,32.67785,-114.64688
458,27,,240 W CANAL STREET SOMERTON AZ 85350,32.60364,-114.71165
459,27,,6390 E. 26TH ST. YUMA AZ 85365,32.682,-114.52434
460,27,,1075 N 6TH AVE SAN LUIS AZ 85349,32.49654,-114.76885
461,27,,197 S MAIN STREET YUMA AZ 85364,32.72441,-114.61757
462,27,,1440 W DESERT HILLS DRIVE YUMA AZ 85365,32.66176,-114.63775
463,27,,2350 Avenue 7 1/2 E Yuma AZ 85365,32.68559,-114.50635
464,27,,300 S. 13TH AVENUE YUMA AZ 85364,32.72123,-114.63642
465,27,,11545 E 40TH STREET YUMA AZ 85367,32.65504,-114.43665
466,27,,1015 N MAIN STREET SAN LUIS AZ 85349,32.49906,-114.78553
467,27,,1090 E UNION STREET SAN LUIS AZ 85349,32.49858,-114.77435
468,27,,11711 WILLIAM ST WELLTON AZ 85356,32.67004,-114.14216
469,27,,6480 E HIGHWAY 95 YUMA AZ 85365,32.70009,-114.52496
470,27,,2200 W 28TH ST YUMA AZ 85364,32.67785,-114.64688
471,27,,240 W CANAL STREET SOMERTON AZ 85350,32.60364,-114.71165
472,27,,6390 E. 26TH ST. YUMA AZ 85365,32.682,-114.52434
473,27,,1075 N 6TH AVE SAN LUIS AZ 85349,32.49654,-114.76885
474,27,,197 S MAIN STREET YUMA AZ 85364,32.72441,-114.61757
475,27,,1440 W DESERT HILLS DRIVE YUMA AZ 85365,32.66176,-114.63775
476,27,,2350 Avenue 7 1/2 E Yuma AZ 85365,32.68559,-114.50635
477,27,,300 S. 13TH AVENUE YUMA AZ 85364,32.72123,-114.63642
478,27,,11545 E 40TH STREET YUMA AZ 85367,32.65504,-114.43665
479,27,,1015 N MAIN STREET SAN LUIS AZ 85349,32.49906,-114.78553
480,27,,1090 E UNION STREET SAN LUIS AZ 85349,32.49858,-114.77435
481,27,,11711 WILLIAM ST WELLTON AZ 85356,32.67004,-114.14216
482,27,,6480 E HIGHWAY 95 YUMA AZ 85365,32.70009,-114.52496
483,27,,2200 W 28TH ST YUMA AZ 85364,32.67785,-114.64688
484,27,,240 W CANAL STREET SOMERTON AZ 85350,32.60364,-114.71165
485,27,,6390 E. 26TH ST. YUMA AZ 85365,32.682,-114.52434
486,27,,1075 N 6TH AVE SAN LUIS AZ 85349,32.49654,-114.76885
487,27,,197 S MAIN STREET YUMA AZ 85364,32.72441,-114.61757
488,27,,1440 W DESERT HILLS DRIVE YUMA AZ 85365,32.66176,-114.63775
489,27,,2350 Avenue 7 1/2 E Yuma AZ 85365,32.68559,-114.50635
490,27,,300 S. 13TH AVENUE YUMA AZ 85364,32.72123,-114.63642
491,27,,11545 E 40TH STREET YUMA AZ 85367,32.65504,-114.43665
492,27,,1015 N MAIN STREET SAN LUIS AZ 85349,32.49906,-114.78553
493,27,,1090 E UNION STREET SAN LUIS AZ 85349,32.49858,-114.77435
494,27,,11711 WILLIAM ST WELLTON AZ 85356,32.67004,-114.14216
495,27,,6480 E HIGHWAY 95 YUMA AZ 85365,32.70009,-114.52496
496,27,,2200 W 28TH ST YUMA AZ 85364,32.67785,-114.64688
497,27,,240 W CANAL STREET SOMERTON AZ 85350,32.60364,-114.71165
498,27,,6390 E. 26TH ST. YUMA AZ 85365,32.682,-114.52434
499,27,,1075 N 6TH AVE SAN LUIS AZ 85349,32.49654,-114.76885
500,27,,197 S MAIN STREET YUMA AZ 85364,32.72441,-114.61757
501,27,,1440 W DESERT HILLS DRIVE YUMA AZ 85365,32.66176,-114.63775
502,27,,2350 Avenue 7 1/2 E Yuma AZ 85365,32.68559,-114.50635
503,27,,300 S. 13TH AVENUE YUMA AZ 85364,32.72123,-114.63642
504,27,,11545 E 40TH STREET YUMA AZ 85367,32.65504,-114.43665
505,27,,1015 N MAIN STREET SAN LUIS AZ 85349,32.49906,-114.78553
506,27,,1090 E UNION STREET SAN LUIS AZ 85349,32.49858,-114.77435
507,27,,11711 WILLIAM ST WELLTON AZ 85356,32.67004,-114.14216
508,27,,6480 E HIGHWAY 95 YUMA AZ 85365,32.70009,-114.52496
509,27,,2200 W 28TH ST YUMA AZ 85364,32.67785,-114.64688
510,27,,240 W CANAL STREET SOMERTON AZ 85350,32.60364,-114.71165
511,27,,6390 E. 26TH ST. YUMA AZ 85365,32.682,-114.52434
512,27,,1075 N 6TH AVE SAN LUIS AZ 85349,32.49654,-114.76885
513,27,,197 S MAIN STREET YUMA AZ 85364,32.72441,-114.61757
514,27,,1440 W DESERT HILLS DRIVE YUMA AZ 85365,32.66176,-114.63775
515,27,,2350 Avenue 7 1/2 E Yuma AZ 85365,32.68559,-114.50635
516,27,,300 S. 13TH AVENUE YUMA AZ 85364,32.72123,-114.63642
517,27,,11545 E 40TH STREET YUMA AZ 85367,32.65504,-114.43665
518,27,,1015 N MAIN STREET SAN LUIS AZ 85349,32.49906,-114.78553
519,27,,1090 E UNION STREET SAN LUIS AZ 85349,32.49858,-114.77435
520,27,,11711 WILLIAM ST WELLTON AZ 85356,32.67004,-114.14216
521,27,,6480 E HIGHWAY 95 YUMA AZ 85365,32.70009,-114.52496
522,27,,2200 W 28TH ST YUMA AZ 85364,32.67785,-114.64688
523,27,,240 W CANAL STREET SOMERTON AZ 85350,32.60364,-114.71165
524,27,,6390 E. 26TH ST. YUMA AZ 85365,32.682,-114.52434
525,27,,1075 N 6TH AVE SAN LUIS AZ 85349,32.49654,-114.76885
526,27,,197 S MAIN STREET YUMA AZ 85364,32.72441,-114.61757
527,27,,1440 W DESERT HILLS DRIVE YUMA AZ 85365,32.66176,-114.63775
528,27,,2350 Avenue 7 1/2 E Yuma AZ 85365,32.68559,-114.50635
529,27,,300 S. 13TH AVENUE YUMA AZ 85364,32.72123,-114.63642
530,27,,11545 E 40TH STREET YUMA AZ 85367,32.65504,-114.43665
531,27,,1015 N MAIN STREET SAN LUIS AZ 85349,32.49906,-114.78553
532,27,,1090 E UNION STREET SAN LUIS AZ 85349,32.49858,-114.77435
533,27,,11711 WILLIAM ST WELLTON AZ 85356,32.67004,-114.14216
534,27,,6480 E HIGHWAY 95 YUMA AZ 85365,32.70009,-114.52496
535,27,,2200 W 28TH ST YUMA AZ 85364,32.67785,-114.64688
536,27,,240 W CANAL STREET SOMERTON AZ 85350,32.60364,-114.71165
537,27,,6390 E. 26TH ST. YUMA AZ 85365,32.682,-114.52434
538,27,,1075 N 6TH AVE SAN LUIS AZ 85349,32.49654,-114.76885
539,27,,197 S MAIN STREET YUMA AZ 85364,32.72441,-114.61757
540,27,,1440 W DESERT HILLS DRIVE YUMA AZ 85365,32.66176,-114.63775
541,27,,2350 Avenue 7 1/2 E Yuma AZ 85365,32.68559,-114.50635
542,27,,300 S. 13TH AVENUE YUMA AZ 85364,32.72123,-114.63642
543,27,,11545 E 40TH STREET YUMA AZ 85367,32.65504,-114.43665
544,27,,1015 N MAIN STREET SAN LUIS AZ 85349,32.49906,-114.78553
545,27,,1090 E UNION STREET SAN LUIS AZ 85349,32.49858,-114.77435
546,27,,11711 WILLIAM ST WELLTON AZ 85356,32.67004,-114.14216
547,27,,6480 E HIGHWAY 95 YUMA AZ 85365,32.70009,-114.52496
548,27,,2200 W 28TH ST YUMA AZ 85364,32.67785,-114.64688
549,27,,240 W CANAL STREET SOMERTON AZ 85350,32.60364,-114.71165
550,27,,6390 E. 26TH ST. YUMA AZ 85365,32.682,-114.52434
551,27,,1075 N 6TH AVE SAN LUIS AZ 85349,32.49654,-114.76885
552,27,,197 S MAIN STREET YUMA AZ 85364,32.72441,-114.61757
553,27,,1440 W DESERT HILLS DRIVE YUMA AZ 85365,32.66176,-114.63775
554,27,,2350 Avenue 7 1/2 E Yuma AZ 85365,32.68559,-114.50635
555,27,,300 S. 13TH AVENUE YUMA AZ 85364,32.72123,-114.63642
556,27,,11545 E 40TH STREET YUMA AZ 85367,32.65504,-114.43665
557,27,,1015 N MAIN STREET SAN LUIS AZ 85349,32.49906,-114.78553
558,27,,1090 E UNION STREET SAN LUIS AZ 85349,32.49858,-114.77435
559,27,,11711 WILLIAM ST WELLTON AZ 85356,32.67004,-114.14216
560,27,,6480 E HIGHWAY 95 YUMA AZ 85365,32.70009,-114.52496
561,27,,2200 W 28TH ST YUMA AZ 85364,32.67785,-114.64688
562,27,,240 W CANAL STREET SOMERTON AZ 85350,32.60364,-114.71165
563,27,,6390 E. 26TH ST. YUMA AZ 85365,32.682,-114.52434
564,27,,1075 N 6TH AVE SAN LUIS AZ 85349,32.49654,-114.76885
565,27,,197 S MAIN STREET YUMA AZ 85364,32.72441,-114.61757
566,27,,1440 W DESERT HILLS DRIVE YUMA AZ 85365,32.66176,-114.63775
567,27,,2350 Avenue 7 1/2 E Yuma AZ 85365,32.68559,-114.50635
568,27,,300 S. 13TH AVENUE YUMA AZ 85364,32.72123,-114.63642
569,27,,11545 E 40TH STREET YUMA AZ 85367,32.65504,-114.43665
570,27,,1015 N MAIN STREET SAN LUIS AZ 85349,32.49906,-114.78553
571,27,,1090 E UNION STREET SAN LUIS AZ 85349,32.49858,-114.77435
572,27,,11711 WILLIAM ST WELLTON AZ 85356,32.67004,-114.14216
573,27,,6480 E HIGHWAY 95 YUMA AZ 85365,32.70009,-114.52496
574,27,,2200 W 28TH ST YUMA AZ 85364,32.67785,-114.64688
575,27,,240 W CANAL STREET SOMERTON AZ 85350,32.60364,-114.71165
576,27,,6390 E. 26TH ST. YUMA AZ 85365,32.682,-114.52434
577,27,,1075 N 6TH AVE SAN LUIS AZ 85349,32.49654,-114.76885
578,27,,1440 W DESERT HILLS DRIVE YUMA AZ 85365,32.66176,-114.63775
579,27,,300 S. 13TH AVENUE YUMA AZ 85364,32.72123,-114.63642
580,27,,11545 E 40TH STREET YUMA AZ 85367,32.65504,-114.43665
581,27,,1015 N MAIN STREET SAN LUIS AZ 85349,32.49906,-114.78553
582,27,,1090 E UNION STREET SAN LUIS AZ 85349,32.49858,-114.77435
583,27,,11711 WILLIAM ST WELLTON AZ 85356,32.67004,-114.14216
